vector_size,window,min_count,epochs,spearman_avg,spearman_ann,oov_rate,spearman_avg_final,spearman_ann_final,oov_rate_final
100,5,5,5,0.27527622590160933,0.20399214496995946,0.1705508474576271,0.3057950200114327,0.22687088673683822,0.1170550847457627
300,5,5,5,0.2695915631913305,0.19963226404803508,0.1705508474576271,0.31446777222447236,0.23484832872435554,0.1170550847457627
50,5,5,5,0.25390135558606725,0.18630557545632115,0.1705508474576271,0.2882707189327768,0.2122543518214476,0.1170550847457627
25,5,5,5,0.24446940035863166,0.1800473246582714,0.1705508474576271,0.2632409049472501,0.19024307558635173,0.1170550847457627
