vector_size,window,min_count,epochs,spearman_avg,spearman_ann,oov_rate,spearman_avg_final,spearman_ann_final,oov_rate_final
50,5,5,5,0.31766245128648934,0.23979296510229697,0.1705508474576271,0.3406727803860832,0.2546849543175646,0.1170550847457627
100,5,5,5,0.3175446239532665,0.24168218666589775,0.1705508474576271,0.3667339788075047,0.2760229282149527,0.1170550847457627
25,5,5,5,0.2961531060773697,0.2227418120359808,0.1705508474576271,0.31777740116635017,0.2355694759608286,0.1170550847457627
300,5,5,5,0.27862536048898046,0.21184192052402198,0.1705508474576271,0.3584406290477017,0.2732397071099159,0.1170550847457627
