vector_size,window,min_count,epochs,spearman_avg,spearman_ann,oov_rate,spearman_avg_final,spearman_ann_final,oov_rate_final
50,5,5,5,0.2805775436898198,0.20902918598778855,0.17796610169491525,0.3285866215566937,0.24435261586427873,0.12341101694915255
100,5,5,5,0.27906978977620656,0.20785294343210153,0.17796610169491525,0.33281478159666733,0.2467046933782388,0.12341101694915255
300,5,5,5,0.2761959244601683,0.20459958701095435,0.17796610169491525,0.330366580080762,0.24733557396732406,0.12341101694915255
25,5,5,5,0.27355713910719803,0.20144975497934006,0.17796610169491525,0.3137362035377608,0.22986878063623145,0.12341101694915255
