vector_size,window,min_count,epochs,spearman_avg,spearman_ann,oov_rate,spearman_avg_final,spearman_ann_final,oov_rate_final
25,5,5,5,0.3293341501787281,0.24687727349320943,0.17796610169491525,0.34336320606613147,0.2581391497952376,0.12341101694915255
50,5,5,5,0.32274938394090785,0.24204113017699988,0.17796610169491525,0.36492101746144184,0.27412354672445766,0.12341101694915255
100,5,5,5,0.3143322740599446,0.23922161890336824,0.17796610169491525,0.3741200961044154,0.2834831306151434,0.12341101694915255
300,5,5,5,0.2812275122130472,0.21274038473611695,0.17796610169491525,0.35390348287823126,0.2721907469829062,0.12341101694915255
